File Name,Date,YT3,YT7,YT15
A_ArchrockInc_ArchrockPartnersLP.pdf,1/2/2018,0,1,1
A_CommercialMetalsCo_USRebarAssetsFromGerdau.pdf,1/2/2018,1,1,1
M_DominionEnergyInc_SCANACorp.pdf,1/3/2018,1,0,0
A_Noble EnergyIncsInterestInCONEMidstreamPartnersLP_CNXResourcesCorpCa.pdf,1/4/2018,0,0,0
A_VIPPetcare_PetIQInc.pdf,1/8/2018,1,1,1
A_AssurantInc_TheWarrantyGroup.pdf,1/9/2018,0,0,0
A_AppliedIndustrialTechnologiesInc_FCXPerformanceInc.pdf,1/9/2018,0,1,1
A_CHSInc_ParPacificHoldingsInc.pdf,1/10/2018,0,1,0
A_SS&CTechnologiesHoldingsInc_DSTSystems.pdf,1/11/2018,0,1,0
A_LincolnNationalCorp_LibertyLifeAssuranceCompanyOfBoston.pdf,1/19/2018,1,1,0
A_AmericanInternationalGroupInc_ValidusHoldingsLtd.pdf,1/22/2018,1,1,0
A_GenasysHoldingSL_LRADCorporation.pdf,1/22/2018,1,1,1
M_SkylineCorp_ChampionEnterprisesHoldingsLLC.pdf,1/25/2018,0,0,0
M_DrPepperSnappleGroupInc_KeurigGreenMountain.pdf,1/29/2018,1,1,0
A_VarianMedicalSystemsInc_Sirtex.pdf,1/30/2018,0,0,0
A_SeattleGeneticsInc_CascadianTherapeutics.pdf,1/31/2018,1,0,1
A_OnAssignmentInc_ECSFederalLLC.pdf,1/31/2018,0,0,1
A_HigmanMarineServicesInc_KirbyCorporation.pdf,2/5/2018,0,0,0
A_LogMeInInc_JiveCommunicationsInc.pdf,2/8/2018,1,0,0
A_GeneralDynamicsCorp_CSRAInc.pdf,2/12/2018,1,1,1
A_PacificPremierBancorpInc_GrandpointCapitalInc.pdf,2/12/2018,1,1,1
M_NationstarMortgageHoldingsInc_WMIHCorp.pdf,2/13/2018,1,1,1
A_LayneChristensenCompany_GraniteConstructionInc.pdf,2/14/2018,1,1,1
A_Cars.comInc_DealerInspireAndLaunchDigitalMarketing.pdf,2/14/2018,1,1,1
A_HilltopHoldingsInc_TheBankOfRiverOaks.pdf,2/14/2018,1,1,0
A_ASchulmanInc_LyondellBasellIndustriesNV.pdf,2/15/2018,0,0,1
A_FasterSpA_SunHydraulicsCorporation.pdf,2/20/2018,1,0,1
A_GeneralMillsInc_BlueBuffaloPetProductsInc.pdf,2/23/2018,0,0,0
A_IntermedixHoldingsInc_R1RCMInc.pdf,2/26/2018,1,1,1
M_CVBFinancialCorp_CommunityBank.pdf,2/27/2018,1,1,1
A_CreeInc_InfineonTechnologiesAGRFPowerBusiness.pdf,3/6/2018,1,1,0
A_InovalonHoldingsInc_ABILITYNetworkInc.pdf,3/7/2018,0,0,0
A_S&PGlobalInc_Kensho.pdf,3/7/2018,1,1,0
A_CignaCorp_ExpressScripts.pdf,3/8/2018,0,0,0
M_DanaInc_GKNDriveline.pdf,3/9/2018,0,0,0
A_HeritageFinancialCorporation_PremierCommercialBancorp.pdf,3/9/2018,1,1,0
A_BlueLinxHoldingsInc_CedarCreek.pdf,3/12/2018,1,1,1
A_LumentumHoldingsInc_OclaroInc.pdf,3/12/2018,0,0,0
A_OrthofixInternationalNV_SpinalKineticsInc.pdf,3/15/2018,0,0,0
A_OrbotechLtd_KLATencorCorporation.pdf,3/19/2018,0,0,0
A_StewartInformationServiceCorporation_Fidelity.pdf,3/19/2018,1,0,0
A_OilAndGasAssetsWithinEnerVestsSouthTexasDivision_TPGPaceEnergyHoldings.pdf,3/20/2018,0,0,0
A_Salesforce.comInc_MuleSoftInc.pdf,3/20/2018,0,0,0
A_USSilicaHoldingsInc_EPMinerals.pdf,3/23/2018,0,0,1
A_PlantronicsInc_Polycom.pdf,3/28/2018,1,1,1
A_WillbrosGroupInc_PrimorisServicesCorp.pdf,3/28/2018,1,1,1
A_ConchoResourcesInc_RSPPermianInc.pdf,3/28/2018,0,0,1
A_pSividaCorp_IconBioscienceInc.pdf,3/29/2018,0,0,1
A_WoodwardInc_LOrangeGmbH.pdf,4/9/2018,1,1,0
A_TennecoInc_FederalMogul.pdf,4/10/2018,0,0,0
A_AnalogicCorp_AltarisCapitalPartnersLLC.pdf,4/10/2018,0,0,0
A_WilsonTherapeuticsAB_AlexionPharmaceuticalsInc.pdf,4/11/2018,0,0,1
A_KoppersHoldingsInc_CoxIndustrial.pdf,4/11/2018,1,1,1
M_EssendantInc_Genuine PartsCoSPRichardsBusiness.pdf,4/12/2018,0,0,0
A_AmericanWaterWorksCompanyInc_PivotalHomeSolutions.pdf,4/12/2018,1,1,1
A_FederatedInvestorsInc_HermesFundManagersLimited.pdf,4/13/2018,0,0,0
A_ScottsMiracleGroLeadership_Sunlight.pdf,4/17/2018,0,0,0
A_Textron_EmersonElectricCo.pdf,4/18/2018,0,0,1
M_HenryScheinInc_VetsFirstChoice.pdf,4/23/2018,1,1,0
A_TrimbleInc_ViewpointInc.pdf,4/23/2018,0,0,0
M_CenterPointEnergyInc_VectrenCorp.pdf,4/24/2018,1,1,1
A_TwoHarborsInvestmentCorp_CYSInvestmentsInc.pdf,4/26/2018,0,1,0
A_MarriottVacationsWorldwideCorp_ILG.pdf,4/30/2018,0,0,0
A_PrologisInc_DCTIndustrialTrust.pdf,4/30/2018,0,1,0
M_StateBankFinancialCorp_CadenceBancorp.pdf,5/14/2018,0,1,1
A_MarkerTherapeuticsInc_TapImmuneInc.pdf,5/15/2018,1,1,1
A_ZoetisInc_Abaxis.pdf,5/16/2018,0,0,0
A_EmersonElectricCo_Aventics.pdf,5/17/2018,1,0,1
M_GETransportation_WestinghouseAirBrakeTechnologiesCorp.pdf,5/21/2018,0,0,1
A_NextEraEnergy_GulfPowerFloridaCityGasTwoNaturalGasFacilitiesSouthernCompany.pdf,5/21/2018,1,1,0
A_FifthThirdBancorp_MBFinancial.pdf,5/21/2018,1,0,1
A_SouthernCo_NextEraEnergy.pdf,5/21/2018,1,1,0
A_AdobeSystemsInc_MagentoCommerce.pdf,5/21/2018,1,1,1
M_GuarantyBancorp_IndependentBankGroupInc.pdf,5/23/2018,0,1,0
A_A2iA_MitekSystemsInc.pdf,5/23/2018,0,1,1
A_MyriadGeneticsInc_CounsylInc.pdf,5/29/2018,1,1,1
A_PolarisIndustriesInc_BoatHoldingsLLC.pdf,5/30/2018,1,1,1
A_MicrochipTechnologyInc_MicrosemiCorporation.pdf,5/31/2018,1,1,1
A_MicrosoftCorp_GitHub.pdf,6/4/2018,0,0,0
A_FlagstarBancorpInc_WellsFargoBank.pdf,6/5/2018,1,1,1
A_FortiveCorp_Johnson&Johnson.pdf,6/6/2018,1,1,0
A_EntegrisInc_SAESPureGas.pdf,6/7/2018,1,0,0
A_TaylorMorrisonHomeCorp_AVHomesInc.pdf,6/7/2018,1,1,0
A_SPXCorp_CUESInc.pdf,6/8/2018,1,1,0
A_Artiliumplc_PareteumCorp.pdf,6/8/2018,1,1,1
A_WorkdayInc_AdaptiveInsightsInc.pdf,6/11/2018,1,1,1
M_AthensBancsharesCorporation_CapstarFinancialHoldingsInc.pdf,6/12/2018,0,0,0
A_DonegalFinancialServicesCorp_NorthwestBancsharesInc.pdf,6/12/2018,1,1,0
A_EnphaseEnergyInc_SunPowerCorp.pdf,6/12/2018,0,1,0
A_EquityBancsharesInc_TheCityBankTrust Company.pdf,6/13/2018,1,1,1
A_RoyalCaribbeanCruisesLtd_SilverseaCruises.pdf,6/14/2018,0,0,0
A_InterfaceInc_NoraSystems.pdf,6/14/2018,1,0,1
A_CoBizFinancial Inc_BOKFinancialCorp.pdf,6/18/2018,1,0,1
M_WPCareyInc_CPAAÌ‚17.pdf,6/18/2018,0,1,1
A_CoxOilLLC_EnergyXXIGulfCoastInc.pdf,6/18/2018,1,0,1
A_PeoplesUnitedFinancial_FirstConnecticutBancorpInc.pdf,6/19/2018,1,0,0
A_TwentyFirstCenturyFoxInc_TheWaltDisneyCo.pdf,6/20/2018,0,0,1
A_BrinkGroupBV_HorizonGlobalCorporation.pdf,6/20/2018,0,0,0
A_ModularSpaceCorporation_WillScotCorporation.pdf,6/22/2018,0,0,1
M_GrayTelevisionInc_Raycom.pdf,6/25/2018,1,1,1
A_BioTechneCorp_ExosomeDiagnosticsInc.pdf,6/26/2018,0,0,0
M_KeryxBiopharmaceuticalsInc_AkebiaTherapeutics.pdf,6/28/2018,1,1,1
A_FoothillsBancorpInc_SmartFinancialInc.pdf,6/28/2018,1,1,1
A_BrunswickCorp_PowerProductsGlobalMarineMobileBusiness.pdf,6/29/2018,1,1,1
A_ArcherDanielsMidlandCo_Neovia.pdf,7/2/2018,1,1,1
A_UnitedRentalsInc_BakerCorp.pdf,7/2/2018,1,1,1
M_ConnectOneBancorpInc_GreaterHudsonBank.pdf,7/12/2018,0,1,0
M_MatlinPartnersAcquisitionCorporation_USWellServicesLLC.pdf,7/16/2018,0,0,0
M_TidewaterInc_GulfMarkOffshoreInc.pdf,7/16/2018,1,1,1
A_PTCTherapeuticsInc_AgilisBiotherapeuticsInc.pdf,7/19/2018,1,1,1
A_SangamoTherapeuticsInc_TxCellSA.pdf,7/23/2018,0,0,1
A_InfineraCorp_Coriant.pdf,7/23/2018,1,0,0
A_FCBFinancialHoldingsInc_SynovusFinancialCorp.pdf,7/24/2018,0,0,0
A_NabrivaTherapeuticsPLC_ZavanteTherapeuticsInc.pdf,7/24/2018,0,0,0
A_UnitedNaturalFoodsInc_SupervaluInc.pdf,7/26/2018,1,0,0
A_Comanche_SpiritOfTexasBancsharesInc.pdf,7/25/2018,0,1,0
A_ConcentrixCorp_Synnex.pdf,6/28/2018,0,0,0
A_S3Semiconductors_AdestoTechnologiesCorp.pdf,5/9/2018,1,0,1
A_MTGEInvestmentCorp_AnnalyCapitalManagementInc.pdf,5/3/2018,0,1,1
A_CPIAerostructuresInc_WeldingMetallurgyInc.pdf,3/22/2018,1,1,1
A_USFoodsHoldingCorp_ServicesGroupOfAmerica.pdf,7/30/2018,0,0,1
M_ApricusBiosciencesInc_SeelosTherapeuticsInc.pdf,7/30/2018,0,0,0
A_FortiveCorp_Accruent.pdf,7/31/2018,0,0,0
A_DocuSignInc_SpringCMInc.pdf,8/1/2018,1,1,1
A_CiscoSystemsInc_DuoSecurityInc.pdf,8/2/2018,1,1,1
A_AFPInc_SealedAirCorporation.pdf,8/2/2018,0,0,0
A_EnergyTransferEquityLP_EnergyTransferPartnersLP.pdf,8/2/2018,0,0,0
A_KosmosEnergyLtd_DeepGulfEnergy.pdf,8/6/2018,1,1,1
A_EmergentBioSolutionsInc_PaxVaxInc.pdf,8/9/2018,1,1,1
A_DiamondbackEnergyInc_EnergenCorp.pdf,8/15/2018,1,1,0
A_KMGChemicalsInc_CabotMicroelectronicsCorporation.pdf,8/15/2018,0,1,0
M_FisionCorporation_ContinuityLogic.pdf,8/16/2018,0,0,0
A_MalibuBoatsInc_PursuitBoats.pdf,8/22/2018,1,1,1
A_HartfordFinancialServicesGroupInc_Navigators.pdf,8/22/2018,1,1,0
M_EclipseResourcesCorp_BlueRidgeMountainResourcesInc.pdf,8/27/2018,0,0,0
A_EmergentBioSolutionsInc_AdaptPharmaLtd.pdf,8/28/2018,1,0,1
A_CocaColaCo_CostaLtd.pdf,8/31/2018,1,1,1
A_TransoceanLtd_OceanRig.pdf,9/4/2018,0,1,1
A_ConcretePumpingHoldingsInc_IndustreaAcquisitionCorp.pdf,9/7/2018,1,1,1
A_EngilityHoldingsInc_ScienceApplicationsInternationalCorp.pdf,9/10/2018,0,0,0
A_MCBCHoldingsInc_CrestMarineLLC.pdf,9/10/2018,0,0,0
A_UnitedRentalsInc_BlueLine.pdf,9/10/2018,1,1,1
A_ATRMHoldingsInc_DigiradCorporation.pdf,9/10/2018,0,0,0
A_ValleyHealthcareGroupNorthwestMedical_GreatElmCapitalGroupInc.pdf,9/11/2018,0,0,0
A_EvolentHealthInc_NewCenturyInvestmentLLC.pdf,9/12/2018,1,1,1
A_LaSalleHotelProperties_PebblebrookHotelTrust.pdf,9/13/2018,1,0,0
A_PanavisionIncSimVideoInternationalInc_SabanCapitalAcquisitionCorp.pdf,9/14/2018,0,0,0
M_GovernmentPropertiesIncomeTrust_SelectIncomeREIT.pdf,9/17/2018,0,0,0
A_MarshMcLennanCompaniesInc_JardineLloydThompsonGroupPLC.pdf,9/18/2018,1,1,1
A_ThorIndustriesInc_ErwinHymerGroup.pdf,9/18/2018,0,0,0
A_DunbarMechanicalInc_LimbachHoldingsInc.pdf,9/20/2018,0,0,0
A_AdobeSystemsInc_MarketoInc.pdf,9/20/2018,1,1,0
A_IndependentBankCorp_BlueHillsBancorpInc.pdf,9/21/2018,0,0,0
A_SiriusXMHoldingsInc_PandoraMediaInc.pdf,9/24/2018,1,0,0
A_AlexionPharmaceuticalsInc_Syntimmune.pdf,9/26/2018,1,0,0
A_BrooksAutomationInc_GENEWIZGroup.pdf,9/26/2018,1,0,0
A_MeritMedicalSystemsInc_CiannaMedicalInc.pdf,10/1/2018,1,0,1
A_LendingTreeInc_QuoteWizardComLLC.pdf,10/5/2018,0,1,0
A_ClearwaterSolutions_NuverraEnvironmentalSolutionsInc.pdf,10/8/2018,1,1,1
A_AnteroMidstreamPartnersLP_AnteroMidstreamGPLP.pdf,10/9/2018,0,0,0
A_LimeEnergyCo_Willdan GroupInc.pdf,10/9/2018,1,0,0
A_DesignerBrandsInc_LegendaryFootwearAndAccessoriesOrganizationCamutoGroup.pdf,10/10/2018,0,0,0
M_MBTFinancialCorporation_FirstMerchantsCorporation.pdf,10/10/2018,0,0,0
A_CincinnatiFinancialCorp_MSPUnderwritingLimited.pdf,10/12/2018,1,1,1
A_MagnumOilToolsInternationalLTD_NineEnergyServiceInc.pdf,10/15/2018,0,0,0
A_InfrastructureAndEnergyAlternativesInc_WilliamCharlesConstructionGroup.pdf,10/15/2018,1,0,0
A_AllerganSalesLLC_AclarisTherapeuticsInc.pdf,10/15/2018,0,0,0
A_TwilioInc_SendGrid.pdf,10/15/2018,0,0,0
A_AndersonsInc_LansingTradeGroupLLC.pdf,10/16/2018,1,1,0
M_MTechAcquisitionCorp_MJFreewayLLC.pdf,10/16/2018,0,0,0
A_EWScrippsCo_Triton.pdf,10/17/2018,1,0,1
A_LuminexCorp_MilliporeSigma.pdf,10/18/2018,0,0,0
A_MicronTechnology_IMFlashTechnologiesLLC.pdf,10/18/2018,0,0,0
A_MotleyServicesLLC_KLXEnergyServicesHoldingsInc.pdf,10/22/2018,0,0,0
A_EnLinkMidstreamLLC_EnLinkMidstreamPartnersLP.pdf,10/22/2018,0,0,0
A_NeogenomicsInc_GenoptixInc.pdf,10/23/2018,1,1,1
A_FranklinResourcesInc_BenefitStreetPartnersLL.pdf,10/25/2018,1,1,1
A_WholesaleIncWholesaleExpressLLC_RumbleOnInc.pdf,10/26/2018,0,0,0
A_InternationalBusinessMachinesCorp_RedHatInc.pdf,10/29/2018,0,1,1
A_EWScrippsCo_CordilleraCommunications.pdf,10/29/2018,1,1,1
A_MKSInstrumentsInc_ElectroScientificIndustriesInc.pdf,10/30/2018,1,1,0
A_EnerSys_AlphaTechnologiesGroupInc.pdf,10/30/2018,1,1,1
A_ChesapeakeEnergyCorp_WildHorseResourceDevelopmentCorporation.pdf,10/30/2018,1,1,0
A_HibbettSportsInc_CityGear.pdf,10/30/2018,1,1,0
A_ChromatinInc_SWSeedCompany.pdf,11/1/2018,0,0,0
M_NeubaseTherapeutics_OhrPharmaceutical.pdf,1/3/2019,0,0,0
A_OrassureTechnologiesInc_NovosanisNVandCoreBiomeInc.pdf,1/4/2019,0,0,1
A_DXCTechnologyCo_LuxoftHoldingInc.pdf,1/7/2019,1,1,1
A_EliLillyandCo_LoxoOncology.pdf,1/7/2019,1,1,1
A_Fiserv_FirstDataCorporation.pdf,1/16/2019,1,1,1
A_GlacierBancorpInc_FNBBancorp.pdf,1/17/2019,0,0,0
M_BB&TCorp_SunTrustBanksInc.pdf,2/7/2019,1,1,1
A_ToroCorp_TheCharlesMachhineWorksInc.pdf,2/15/2019,1,1,1
M_ChemicalFinancialCorp_TCFFinancialCorp.pdf,1/28/2019,0,1,1
A_PaloAltoNetworksInc_DemistoInc.pdf,2/19/2019,1,1,1
A_carrolsRestaurantGroup_221CambridgeFranchiseHoldings.pdf,2/20/2019,1,1,0
A_RoyalGoldInc_SilverStreamontheKhoemacau.pdf,2/25/2019,0,0,1
A_DanaherCorp_GEBiopharma.pdf,2/25/2019,1,1,1
A_FednatHoldingCo_Maison.pdf,2/26/2019,1,0,0
A_BiogenInc_NightstarTherapeutics.pdf,3/4/2019,0,0,0
A_JuniperNetworks_MistSystems.pdf,3/4/2019,0,0,0
M_VenusConceptInc_RestorationRobotics.pdf,3/15/2019,0,0,0
A_CenteneCorp_WellCareHealthPlansInc.pdf,3/27/2019,1,1,0
A_Church&DwrightCo_Flawless.pdf,3/28/2019,1,1,1
A_2UInc_TrilogyEducationServices.pdf,4/8/2019,0,0,0
A_CatalentInc_ParagonBioservicesInc.pdf,4/15/2019,0,1,1
A_GreenbrierCompanies_ARIManufacturing.pdf,4/18/2019,1,1,1
A_ONSemiconductorCorporation_GlobalfoundariesInc.pdf,4/22/2019,0,1,0
A_NorthernOilandGasInc_FlywheelBakkenLLC.pdf,4/23/2019,0,0,0
A_OccidentalPetroleumCorporation_AnadarkoPetroleumCorporation.pdf,4/24/2019,0,0,0
A_ParkerHannifinCorp_LORDCorporation.pdf,4/29/2019,0,0,0
A_3MCo_AcelityInc.pdf,5/2/2019,0,0,0
M_AmplifyEnergyCorp_MidstatesPetroleumCompany.pdf,5/6/2019,0,0,0
A_MarvellTechnologyGroupLtd_AquantiaCorp.pdf,5/6/2019,0,0,0
A_AndeavorLogisticsLP_MarathonPetroleumCorp.pdf,5/8/2019,0,1,0
A_ChartIndustries_HarscoAirXChangers.pdf,5/9/2019,0,0,0
A_FederalSignalCorporation_MarkRiteLinesEquipmentCompany.pdf,5/14/2019,0,0,1
A_AdvancedEnergy_ArtesynEmbeddedPower.pdf,5/15/2019,0,0,0
A_HewlettPackardEnterprises_CrayInc.pdf,5/17/2019,1,0,0
A_CraneCo_CircorInternational.pdf,5/21/2019,1,0,1
A_FireEye_Verodin.pdf,5/28/2019,1,1,1
A_HospitalityProperties_NetLeasePortfolio.pdf,6/3/2019,0,1,1
A_NovelExternalFixationTechnology_Vilex.pdf,6/5/2019,0,0,0
M_S&TBancorp_DNBFinancialCorporation.pdf,6/6/2019,1,1,1
M_UnitedTechnologiesCorp_RaytheonCompany.pdf,6/10/2019,0,0,1
A_ComstockResources_CoveyParkEnergy.pdf,6/10/2019,1,1,1
M_C&JEnergyServices_KeaneGroup.pdf,6/17/2019,1,0,0
A_PfizerInc_ArrayBioPharmaInc.pdf,6/17/2019,1,1,1
M_ArchResources_PeabodyEnergyCorp.pdf,6/19/2019,0,0,0
M_CaesarsEntertainment_EldoradoResorts.pdf,6/24/2019,1,1,1
A_ArchrockInc_EliteCompressionServiceLLC.pdf,6/24/2019,1,1,1
A_LiveRampHoldingsInc_DataPlusMathCorp.pdf,6/24/2019,0,0,1
A_ExtremeNetworksInc_AerohiveNetworksInc.pdf,6/26/2019,1,1,1
A_QuanterixCorp_UmanDiagoniticsAB.pdf,6/26/2019,1,0,1
A_AppliedMaterialsInc_KokusaiElectricCorporation.pdf,7/1/2019,0,0,1
A_PerformanceFoodGroupCo_ReyesHOoldingsLLC.pdf,7/1/2019,1,1,1
A_UGIEnergyServices_ColumbiaMidstreamGroup.pdf,7/3/2019,1,1,0
A_CiscoSystemsInc_AcaciaCommunicationsIncA_CiscoSystemsInc_AcaciaCommunicationsInc.pdf,7/9/2019,1,1,1
A_SmartGlobalHoldingsInc_ArtesynEmbeddedComputingandInforceComputing.pdf,7/9/2019,1,1,1
A_People'sUnitedFinancial_UnitedFinancialBancorp.pdf,7/15/2019,0,1,0
A_EbixInc_YatraOnlineInc.pdf,7/19/2019,1,1,0
A_EnProIndustriesInc_LeanTeqCo.pdf,7/22/2019,1,1,1
A_CharlewsSchwab_USAAInvestment.pdf,7/26/2019,0,0,0
M_MylanNV_PfizerInc.pdf,7/29/2019,0,0,0
A_CantelMedicalCorp_Hu-Friedy.pdf,7/30/2019,0,1,0
M_SimmonsFirstNationalCorp_Landrum.pdf,7/31/2019,0,0,0
M_AmplifyEnergyCorp_MidstatesPetroleum.pdf,8/6/2019,0,0,1
A_3MCo_AvonRubberPLC..pdf,8/7/2019,0,0,0
A_BroadcomInc_SymantecCorporation.pdf,8/8/2019,1,1,1
A_AtriCureInc_SentreHEART.pdf,8/12/2019,0,0,0
A_CITGroup_MutualofOmahaBank.pdf,8/13/2019,0,0,0
A_SterlingConstruction_PlateauExcavation.pdf,8/14/2019,1,1,1
A_ConntectOneBancorpInc_BancorpofNewJerseyInc.pdf,8/16/2019,1,0,1
A_JacobsEngineeringGroup_JohnWoodGroupPLC.pdf,8/20/2019,1,1,1
A_SimplyGoodFoodsCompany_QuestNutrition.pdf,8/21/2019,1,1,1
A_HasbroInc_EntertainmentOneLtd.pdf,8/22/2019,0,0,1
A_AMGENInc_Otezla.pdf,8/26/2019,1,1,0
M_PDCEnergy_SRCEnergy.pdf,8/26/2019,1,1,1
A_ZogenixInc_ModisTherapeutics.pdf,8/26/2019,0,0,0
A_SWKHoldingsCorporation_EnterisBioPharmaInc.pdf,8/27/2019,0,1,1
A_Commvault_Hedvig.pdf,9/4/2019,1,1,1
A_OpGenInc_Curetis.pdf,9/4/2019,0,0,0
A_PrudentialFinancialInc_AssuranceIQInc.pdf,9/5/2019,1,1,1
A_WinnebagoIndustries_NewmarCorporation.pdf,9/16/2019,1,1,0
A_ReliantBancorp_TennesseeCommunityBankHoldings.pdf,9/17/2019,0,0,0
A_NextEraEnergyPartners_MeadePipelineCo.pdf,9/30/2019,0,0,0
A_CoStarGroup_SmithTravelResearch.pdf,10/1/2019,0,1,0
A_UnitedStatesSteelCorporation_BigRiverSteel.pdf,10/1/2019,0,0,0
A_Q2Holdings_LenderPerformanceGroupLLC.pdf,10/1/2019,0,1,0
A_GlacierBancorp_StateBankCorp.pdf,10/1/2019,1,1,1
A_LantheusHoldingsInc_ProgenicsPharmaceuticals.pdf,10/2/2019,0,0,0
A_HessMidstreamLP_HessInfastructurePartnersLP.pdf,10/4/2019,0,1,1
M_SonnetBioTherapeutics_ChanticleerHolding.pdf,10/11/2019,0,0,0
A_ParsleyEnergy_JaggedPeakEnergy.pdf,10/14/2019,1,1,1
A_AytuBioScience_CerecorInc.pdf,10/14/2019,1,0,0
A_RedwoodTrust_CorevestAmericanFinanceLender.pdf,10/15/2019,1,1,0
A_AlexionPharmaceuticals_AchillionPharmaceuticals.pdf,10/16/2019,1,1,1
A_DTEEnergy_Midstream.pdf,10/18/2019,1,0,0
A_FlushingFinancial_EmpireBancorp.pdf,10/25/2019,1,1,1
A_Prologis_LibertyProperty.pdf,10/28/2019,1,1,1
M_NorthwestBancshares_MutualFirstFinancial.pdf,10/30/2019,1,1,0
A_SmartFinancial_ProgressiveFinancial.pdf,10/30/2019,1,1,1
A_Lantronix_IntrinsycTechnologies.pdf,10/31/2019,0,0,1
A_StrykerCorp_WrightMedical.pdf,11/4/2019,0,0,0
M_FirstHorizonNationalCorporation_IBERIABANKCorporation.pdf,11/4/2019,1,0,0
A_TaylorMorrisonHomeCorporation_WillianLyonHomes.pdf,11/6/2019,0,1,1
A_InphiCorp_eSilicon.pdf,11/11/2019,1,0,0
M_RibbonCommunications_ECITelecomGroup.pdf,11/14/2019,0,0,0
M_DicernaPharmaceuticals_NovoNordisk.pdf,11/18/2019,1,1,1
A_CotyInc_KingKylieLLC.pdf,11/18/2019,0,0,0
A_SeacostBankingCorporation_FirstBankPalmBeaches.pdf,11/20/2019,1,1,1
A_PayPalHoldingsInc_HoneyScienceCorporation.pdf,11/20/2019,1,1,1
A_LCIIndustries_CURTGroup.pdf,11/22/2019,1,0,0
A_CharlesSchwabCorp_TDAmeritrade.pdf,11/25/2019,1,0,1
U_CharlesSchwabCorp_TDAmeritrade.pdf,11/25/2019,1,0,0
M_NeurocrineBiosciences_XenonPharmaceuticals.pdf,12/2/2019,0,0,0
A_HostessBrands_VoortmanCookiesLimited.pdf,12/2/2019,1,1,1
A_Tenable_Indegy.pdf,12/2/2019,0,0,0
M_ClevelandCliffs_AKSteelHolding.pdf,12/3/2019,1,1,1
A_CarriageServices_FairfaxMemorialParkandFuneralHome.pdf,12/3/2019,1,1,1
A_VeracyteInc_NanoStringDiagnostics.pdf,12/3/2019,1,1,1
A_IndependentBankGroup_TexasCapitalBancshares.pdf,12/9/2019,0,0,0
M_GoldmanSachsBDC_GoldmanSachsMiddleMarketLendingCorp.pdf,12/9/2019,1,0,1
M_MonocleAcquisition_AerSale.pdf,12/9/2019,1,1,0
A_PGTI_NewSouthWindowSolutions.pdf,12/10/2019,1,1,1
A_TalosEnergy_GulfofMexico.pdf,12/11/2019,1,1,1
A_AsburyAutomotiveGroup_ParkPlaceDealerships.pdf,12/12/2019,0,0,0
A_ArcosaInc_CherryCompanies.pdf,12/12/2019,1,1,1
M_InternationalFlavours&Fragrances_DuPontNutritionBiosciences.pdf,12/16/2019,1,1,1
A_WPXEnergy_FelixEnergy.pdf,12/16/2019,1,1,1
M_OrganovoHoldings_TarvedaTherapeutics.pdf,12/16/2019,0,0,0
A_LeidosHoldings_DyneticsInc.pdf,12/17/2019,1,1,1
M_ZafgenInc_ChondrialTherapeutics.pdf,12/18/2019,1,1,1
M_EcolabInc_ApergyCorp.pdf,12/19/2019,0,1,0
M_KearnyFinancialCorp_MSBFinancialCorp.pdf,12/19/2019,0,0,0
A_CNBFinancialCorporation_BankofAkron.pdf,12/19/2019,0,0,0
A_HelenofTroyLimited_DrybarProductsLLC.pdf,12/19/2019,1,1,1
A_F5NetworksInc_ShapeSecurity.pdf,12/19/2019,0,0,0
M_ProvidentFinancialServicesInc_SBOneBancorp.pdf,3/12/2020,0,0,0
A_CloudGenix_PaloAltoNetworks.pdf,3/31/2020,0,1,1
A_OrthoPediatricsAcquisitionofApiFix_FDA-ApprovedNon-FusionScoliosisTechnology.pdf,4/2/2020,1,1,1
A_IntelHomeGatewayPlatformDivision_MaxLinear.pdf,4/6/2020,0,1,1
A_DivvyCloud_Rapid7.pdf,4/28/2020,0,1,0
A_CNSPortfolio_USWorldMedsSupernusPharmaceuticalsInc.pdf,4/29/2020,0,0,1
A_MagellanCompleteCare_MolinaHealthcare.pdf,5/1/2020,1,1,1
A_NationalFuelGasCompany_Appalachian.pdf,5/5/2020,1,1,1
M_SSRMiningInc_AlacerGoldCorp.pdf,5/11/2020,0,0,1
A_CoStar_Ten-X.pdf,5/14/2020,1,1,1
A_SolaraMedicalSuppliesLLC_AdaptHealthCorp.pdf,5/26/2020,0,0,1
A_TrinityBenefitAdvisorsandRussBlakely&Associates_BRPGroupInc.pdf,6/2/2020,1,1,1
M_IttellaInternational_ForumMergerIICorp.pdf,6/12/2020,1,1,1
A_AllstateCorporation_NationalGeneralHoldingsCorporation.pdf,7/8/2020,0,0,1
A_AllyFinancial_CarWorks.pdf,2/19/2020,0,0,0
A_AMNHealthcareServices_StratusVideo.pdf,1/30/2020,1,1,1
A_AnikaTherapeutics_ParcusMedical.pdf,1/8/2020,0,0,0
A_AnologDevicesInc_MaximIntegratedProductsInc.pdf,7/13/2020,0,0,0
A_AsburyAutomativeGroup_ParkPlaceDealerships.pdf,7/7/2020,1,1,1
A_Blucora_HKFinancial.pdf,1/7/2020,0,0,0
A_BorgWarnerInc_DelphiTechnologiesPLC.pdf,1/28/2020,0,0,0
A_CorntechTelecommunications_GilatSatelliteNetworks.pdf,1/29/2020,0,0,1
A_CoStarGroup_RentPath.pdf,2/12/2020,0,0,0
A_FidelityNational_FGLHoldings.pdf,2/7/2020,0,0,0
A_FoxFactoryHolding_SCAPerformanceHoldings.pdf,2/12/2020,1,1,0
A_HarscoCorp_StericycleEnvironmentalSolutions.pdf,2/7/2020,1,1,0
A_HeartlandFinancial_AimBacsharesInc.pdf,2/12/2020,0,0,0
A_ICFInternationalInc_IncentiveTechnologyGroup.pdf,1/13/2020,0,0,0
A_LeidosHoldings_L3HarrisTechnologies.pdf,2/4/2020,1,1,0
A_NorthwestPipe_GenevaPipe.pdf,2/7/2020,1,1,0
A_NRGEnergyInc_DirectEnergy.pdf,7/24/2020,0,1,1
A_NV5Global_QuantumSpatial.pdf,1/7/2020,0,1,1
A_RayonierInc_PopeResources.pdf,1/15/2020,0,0,0
A_ScienceApplicationsInternationalCorp_UnisysFederal.pdf,2/6/2020,1,1,0
A_SouthwesternEnergy_MontageResources.pdf,8/12/2020,0,0,0
A_ThermoFisherScientific_QiagenNV.pdf,3/3/2020,1,0,0
A_Uber_PostmatesCall.pdf,7/6/2020,1,1,0
A_WEXInc_eNettandOptal.pdf,1/24/2020,0,0,1
M_FBFinancialCorporation_FranklinFinancialNetworkInc.pdf,1/21/2020,0,0,0
M_GenworthFinancialInc_ChinaOceanwideHoldings.pdf,7/2/2020,0,0,0
M_HyliionInc_TortoiseAcquisitionCorp.pdf,6/19/2020,1,1,1
M_LibertyBroadband_GCILiberty.pdf,8/6/2020,0,0,0
M_MorphoSysAG_IncyteCorporation.pdf,1/13/2020,1,1,0
M_PropTechAcquisitionCorp_Porch.pdf,7/31/2020,1,1,1
M_SouthState_CenterStage.pdf,1/27/2020,0,1,0
M_WESCOInternational_AnixterInternational.pdf,1/13/2020,1,1,0
U_WESCOInternational_AnixterInternational.pdf,3/3/2020,0,0,0
A_FranklinTempleton_LeggMason.pdf,2/18/2020,0,0,0
A_SimonPropertyGroup_TaubmanCenters.pdf,2/10/2020,0,0,0
A_HubbellIncorporated_AclaraTechnologiesLLC.pdf,12/26/2017,0,0,1
A_MistrasGorupInc_WestPennNonDestructiveTestingLLC.pdf,12/22/2017,1,1,1
A_LifetimeBrandsInc_FilamentBrands.pdf,12/22/2017,0,1,1
A_CyrusOne_ZeniumDataCenters.pdf,12/21/2017,1,1,0
M_HeritageCommerceCorp_TriValleyBank.pdf,12/21/2017,0,0,1
A_CrownHoldings_Signode.pdf,12/19/2017,0,0,1
A_CampbellSoupCo_SnyderLanceInc.pdf,12/18/2017,0,0,0
A_BoydGamingCorporation_FourPinnacleEntertainment.pdf,12/18/2017,1,1,1
A_TheHersheyCompany_AmplifySnackBrands.pdf,12/18/2017,1,1,0
A_PennNationalGaming_PinnacleEntertainment.pdf,12/18/2017,1,1,1
A_WRG_PolyolefinCatalysts.pdf,12/15/2017,0,0,1
A_HorizonGlobal_BrinkGroup.pdf,12/14/2017,1,1,1
A_ArrisInternationalPLC_RuckusWireless&ICXSwitch.pdf,12/14/2017,0,0,0
A_WaltDisneyCo_TwentyFirstCenturyFox.pdf,12/14/2017,1,0,0
A_Knoll_Muuto.pdf,12/13/2017,1,1,1
A_OilStatesInternational_GEODynamics.pdf,12/13/2017,1,1,1
A_OasisPetroleumInc_ForgeEnergy.pdf,12/12/2017,0,0,1
A_LKQCorp_Stahlgruber.pdf,12/11/2017,0,1,1
A_Xylem_PureTechnologies.pdf,12/11/2017,0,1,1
A_SiliconLaboratories_SigmaDesigns.pdf,12/8/2017,0,1,1
A_FirstBancshares_SunshineFinancial.pdf,12/7/2017,1,1,1
A_BillBarrettCorporation_FifthCreekEnergy.pdf,12/6/2017,1,0,1
A_CraneCo_Crane&Co.pdf,12/6/2017,0,0,1
A_CVSHealthCorp_Aetna.pdf,12/4/2017,0,0,1
A_TTMTechnologies_Anaren.pdf,12/4/2017,0,0,0
A_FoxFactoryHolding_FlagshipInc.pdf,12/1/2017,0,1,0
A_NewResidentialInvestment_ShellpointPartnersLLC.pdf,11/29/2017,1,1,1
A_MeredithCorporation_TimeInc.pdf,11/27/2017,1,1,1
A_MarvellTechnology_Cavium.pdf,11/20/2017,1,1,1
A_AmerisBancorp_AtlanticCoastFinancialCorporation.pdf,11/17/2017,1,1,0
M_LHCGroup_AlmostFamily.pdf,11/16/2017,1,0,0
A_PayPalHoldings_Syn.pdf,11/16/2017,1,1,0
A_SandridgeEnergy_BonanzaCreekEnergy.pdf,11/15/2017,1,1,1
A_On4Communications_NewYorkDentalGroup.pdf,11/10/2017,0,0,0
A_HormelFoodsCorporation_ColumbusManufacturing.pdf,10/31/2017,1,1,1
M_CalAtlanticGroup_LennarCorporation.pdf,10/30/2017,0,1,1
M_VistraEnergy_DynergyInc.pdf,10/30/2017,1,1,1
M_Vaxart_AviragenTherapeutics.pdf,10/30/2017,0,0,0
M_CapellaEducation_StrayerEducation.pdf,10/30/2017,0,0,0
A_GlacierBancorp_InterMountainBancorp.pdf,10/27/2017,1,0,0
A_Hartford_Aetna.pdf,10/23/2017,1,1,1
A_CiscoSystems_BroadSoft.pdf,10/23/2017,0,1,0
M_PotlatchCorp_DelticTimberCorp.pdf,10/23/2017,0,0,1
A_Assurant_TheWarrantyGroup.pdf,10/18/2017,0,0,0
A_SouthJersey_SouthernCo.pdf,10/16/2017,1,1,1
A_Aramark_Avendra&AmeriPride.pdf,10/16/2017,1,1,1
A_CryoLife_JOTEC.pdf,10/11/2017,1,1,0
A_EZCORP_PawnStores.pdf,10/9/2017,0,0,1
A_GuidewireSoftware_Cyence.pdf,10/6/2017,1,0,0
A_LawsonProducts_TheBoltSupplyHouse.pdf,10/4/2017,0,0,0
A_ThermonGroupHoldings_CCIThermalTechnologies.pdf,10/4/2017,1,0,1
A_Carlisle_AccellaPerformanceMaterials.pdf,10/3/2017,0,0,1
A_MCBCHoldings_NautiStarLLC.pdf,10/2/2017,1,1,1
A_Invesco_Guggenheim.pdf,9/29/2017,1,1,1
M_ArcturusTherapeutics_AlcobraLtd.pdf,9/28/2017,0,1,1
A_AmericanSuperconductorCorp_InfiniaTechnologyCorporation.pdf,9/27/2017,1,1,1
A_EnvestnetInc_FolioDynamix.pdf,9/25/2017,1,1,1
A_GenuinePartsCo_AllianceAutomotiveGroup.pdf,9/25/2017,1,1,1
A_CIRCORInternational_ColflaxFluidHandling.pdf,9/25/2017,1,1,1
A_TheMeetGroup_Lovoo.pdf,9/20/2017,0,0,0
A_CatalentInc_CookPharmicaLLC.pdf,9/19/2017,1,1,1
A_PostHoldings_BobEvansFarmsInc.pdf,9/19/2017,0,1,1
A_UltragenyxPharmaceuticals_DimensionTherpeutics.pdf,9/18/2017,0,1,1
U_QuidelCorp_Alere.pdf,9/18/2017,1,1,1
A_NorthropGrummanCorp_OrbitalATKInc.pdf,9/18/2017,1,1,1
A_ItronInc_SilverSpringNetworks.pdf,9/18/2017,0,0,1
A_AACHoldings_AdcareInc.pdf,9/13/2017,0,0,0
A_CenteneCorp_FidelisCare.pdf,9/12/2017,1,0,1
A_CostarGroup_ForRent.pdf,9/12/2017,0,0,0
A_BungeLtd_IOICorporation.pdf,9/12/2017,1,0,0
A_CooperCosInc_TevaPharmacy.pdf,9/11/2017,0,0,0
A_CoeurMiningInc_JDSSilverHoldings.pdf,9/11/2017,1,1,1
A_PilgrimsPrideCorporation_MoyPark.pdf,9/11/2017,1,1,1
A_TabulaRasaHealthcareInc_SinfoniaRx.pdf,9/6/2017,0,1,1
A_GriffonCorporation_ClosetMaidCorporation.pdf,9/6/2017,0,0,1
A_HBFulllerCompany_RoyalAdhesivesandSealants.pdf,9/5/2017,1,1,1
A_NasdaqInc_eVestment.pdf,9/5/2017,0,1,1
A_UnitedTechnologiesCorp_RockwellCollinsInc.pdf,9/5/2017,0,1,1
A_Teleflex_NeoTract.pdf,9/5/2017,1,1,1
A_BlackhawkNetworkInc_CashStarInc.pdf,8/31/2017,0,1,0
A_NCSMultistageHoldings_SpectrumTracerService.pdf,8/31/2017,1,1,1
A_LittelfuseInc_IXYSCorporation.pdf,8/28/2017,1,1,1
A_GileadSciencesInc_KitePharmaInc.pdf,8/28/2017,1,1,1
A_BeaconRoofingSupply_CRHPLC.pdf,8/24/2017,1,1,1
A_IngevityCorp_GeorgiaPacific.pdf,8/23/2017,1,1,0
A_FarmerBrothersCompany_BoydCoffeeCompany.pdf,8/22/2017,0,0,0
A_UnitedRentals_NeffCorp.pdf,8/17/2017,1,0,1
A_LPLFinancia_NationalPlanningHoldings.pdf,8/16/2017,0,0,0
A_TransoceanLtd_SongaOffshore.pdf,8/15/2017,0,0,1
A_VFCorporation_WilliamsonDickieMfgCo.pdf,8/14/2017,0,0,1
M_InvitationHomes_StarwoodWaypointHomes.pdf,8/10/2017,1,1,1
A_PacificPremierBancorp_PlazaBancorp.pdf,8/9/2017,1,0,0
A_WabashNationalCorp_SupremeIndustries.pdf,8/9/2017,1,1,1
A_OldNationalBancorp_AnchorBank.pdf,8/8/2017,0,0,0
A_JAlexandersHoldings_99Restaurants.pdf,8/4/2017,0,0,1
A_JacobsEngineeringGroup_CH2MHillCompanies.pdf,8/2/2017,0,0,0
A_EWScripps_KatzBroadcasting.pdf,8/1/2017,0,0,0
A_BankofMarinBancorp_BankofNapa.pdf,8/1/2017,1,0,0
A_InvitaeCorporation_GoodStartGeneticsandCombiMatrix.pdf,8/1/2017,1,0,0
A_LaboratoryCorpofAmericaHoldings_Chiltern.pdf,7/31/2017,1,0,0
A_DiscoveryCommunications_ScrippsNetworks.pdf,7/31/2017,1,0,0
A_TriumphBancorp_ValleyBancorp.pdf,7/27/2017,1,1,0
A_HeritageFinancialCorporation_PugetSoundBancorp.pdf,7/27/2017,1,1,0
A_QuantaServices_StrongholdLtd.pdf,7/21/2017,1,1,1
A_EmergentBioSolutions_GSK.pdf,7/19/2017,1,1,1
A_HydroOne_AvistaCorporation.pdf,7/19/2017,0,0,1
A_McCormickCo_ReckittBenckiser.pdf,7/19/2017,1,1,1
A_HEEquipmentServices_NeffCorporation.pdf,7/18/2017,1,1,1
A_BGCPartners_BerkeleyPointFinancialLLC.pdf,7/18/2017,1,0,0
A_ChurchDwightCo_WaterPik.pdf,7/17/2017,0,1,0
A_QuidelCorp_Alere.pdf,7/17/2017,1,1,0
A_EmergentBioSolutions_Sanofi.pdf,7/14/2017,1,1,1
A_GeneralFinance_RoyalWolfHoldings.pdf,7/13/2017,0,0,0
A_ABMIndustries_GCAServices.pdf,7/12/2017,1,1,1
M_GreatPlainsEnergy_WestarEnergy.pdf,7/10/2017,1,1,1
M_CincinnatiBellInc_HawaiianTelcom.pdf,7/10/2017,0,0,1
A_EntellusMedical_Spirox.pdf,7/7/2017,1,1,1
A_HeartlandExpress_GordonTrucking.pdf,7/7/2017,1,0,0
A_CrossCountryHealthcare_AdvantageRNLLC.pdf,7/6/2017,1,1,0
A_OceanFirstFinancialCorp_SunBancorpInc.pdf,6/30/2017,0,0,0
A_MalibuBoats_CobaltBoats.pdf,6/29/2017,1,1,1
A_GovernmentPropertiesIncomeTrust_FirstPotomacRealtyTrust.pdf,6/28/2017,0,0,0
A_PacificEthanolInc_IllinoisCornProcessing.pdf,6/27/2017,0,1,0
A_NationalBankHoldingsCorp_PeoplesInc.pdf,6/26/2017,1,1,1
M_RepligenCorp_Spectrum.pdf,6/23/2017,0,0,0
A_TeladocInc_BestDoctors.pdf,6/19/2017,0,1,0
A_EQTCorp_RiceEnergyInc.pdf,6/19/2017,0,1,1
A_PerkinElmer_EuroimmunMedicalLaboratory.pdf,6/19/2017,1,1,1
A_StateBankFinancialCorp_AloStarBankofCommerce.pdf,6/15/2017,0,0,1
A_KirbyCorp_Stewart&StevensonLLC.pdf,6/13/2017,0,0,0
M_SouthsideBancshares_DilbollStateBancshares.pdf,6/13/2017,1,0,1
M_SynapticsInc_ConexantSystems.pdf,6/12/2017,0,0,0
A_GoldenEntertainment_AmericanCasino&EntertainmentProperties.pdf,6/12/2017,1,1,1
A_SientraInc_MiramarLabs.pdf,6/12/2017,1,1,1
M_DigitalRealtyTrust_DuPontFabrosTechnology.pdf,6/9/2017,1,1,1
A_GlacierBancorp_ColumbineCapitalCorp.pdf,6/7/2017,1,1,1
A_NovantaInc_WorldofMedicine.pdf,6/6/2017,1,0,0
A_SynnexCorp_WestconCornstor.pdf,6/6/2017,1,1,1
A_WorthingtonIndustries_Amtrol.pdf,6/5/2017,1,1,1
A_DRHortonInc_ForestarGroup.pdf,6/5/2017,1,1,1
A_Deere&Company_WirtgenGroup.pdf,6/1/2017,1,1,0
A_KadantInc_NIIFPGCompany.pdf,5/31/2017,1,1,0
A_HubGroup_EstensonLogistics.pdf,5/25/2017,1,1,1
A_RayonierAdvancedMaterials.pdf,5/25/2017,1,1,1
A_Bioverativ_TrueNorthTherapeutics.pdf,5/23/2017,1,1,1
A_UnionBanksharesCorp_XenithBankshares.pdf,5/22/2017,1,1,1
A_BerkshireHillsBancorp_CommerceBancsharesCorp.pdf,5/22/2017,1,1,1
A_HuntsmanCorp_Clariant.pdf,5/22/2017,0,0,0
A_PixelworksInc_ViXSSystems.pdf,5/18/2017,0,0,0
A_SeacoastBankingCorp_NorthStarBankingCorp.pdf,5/18/2017,1,0,1
M_Synlogic_MirnaTherapeutics.pdf,5/16/2017,0,0,1
A_ThermoFisherScientific_Pantheon.pdf,5/15/2017,0,1,1
A_MoodysCorp_BureauvanDijk.pdf,5/15/2017,0,0,1
A_Itron_PeakHoldingCorp.pdf,5/8/2017,1,0,1
A_SinclairBroadcastGroup_TribuneMediaCo.pdf,5/8/2017,0,0,0
A_FederalSignalCorp_TruckBodies&EquipmentInternational.pdf,5/8/2017,1,0,0
M_CareCapitalProperties_SabraHealthCare.pdf,5/8/2017,0,0,0
A_SeacostBankingCorpofFlorida_PalmBeachCommunityBank.pdf,5/5/2017,0,0,0
A_FirstHorizonNationalCorp_CapitalBankFinancialCorp.pdf,5/4/2017,0,0,0
M_IAC_AngiesList.pdf,5/2/2017,1,1,1
A_LincolnElectricHoldings_AirLiquideWelding.pdf,4/28/2017,1,1,1
M_SouthStateCorporation_ParkSterlingCorp.pdf,4/27/2017,0,0,0
A_BectonDickinson_CRBard.pdf,4/24/2017,1,1,1
M_RLJLodgingTrust_FelCorLodgingTrust.pdf,4/24/2017,1,0,0
A_VirtuFinancial_KCGHoldings.pdf,4/20/2017,0,0,0
A_CardinalHealth_MedtronicPLC.pdf,4/18/2017,1,1,0
A_PostHoldings_Weetabix.pdf,4/18/2017,1,0,0
A_NuStarEnergy_NavigatorEnergyServices.pdf,4/12/2017,0,1,0
A_Supervalu_UnifiedGrocers.pdf,4/11/2017,0,0,1
A_FranklinElectricCo_2MCompany.pdf,4/11/2017,0,0,0
A_BioTelemetry_LifeWatchAG.pdf,4/10/2017,1,1,1
A_UnitedGroup_SouthernLight.pdf,4/10/2017,1,1,1
A_LibertyInteractiveCorp_GeneralCommunication.pdf,4/4/2017,1,1,1
A_ParatekPharameuticals_BacterialPneumonia.pdf,4/3/2017,1,1,1
A_CowenGroup_ConvergexGroup.pdf,4/3/2017,0,0,0
A_SucampoPharmaceuticals_VtesseInc.pdf,4/3/2017,0,0,0
A_BostonScientificCorp_Symetis.pdf,3/30/2017,1,1,1
M_HomeBancshares_StonegateBank.pdf,3/27/2017,1,0,0
A_SuperiorIndustries_UniwheelsAG.pdf,3/23/2017,0,0,0
A_MammothEnergy_TaylorFracStingrayEnergy.pdf,3/21/2017,0,1,1
A_Euronet_MoneyGram.pdf,3/14/2017,1,1,1
A_IntelCorp_Mobileye.pdf,3/13/2017,0,1,1
A_MaxarTechnologies_DigitalGlobeInc.pdf,2/24/2017,1,0,1
A_AshfordHospitalityTrust_FelCorLodgingTrust.pdf,2/22/2017,0,0,0
A_IntegraLifeSciencesHoldings_CodmanNeurosurgery.pdf,2/15/2017,0,0,0
A_Hologic_Cynosure.pdf,2/14/2017,1,1,1
A_IntegratedDeviceTechnology_GigPeak.pdf,2/14/2017,0,0,0
A_VeecoInstruments_Ultratech.pdf,2/2/2017,1,1,1
A_EntercomCommunications_CBSCorporation.pdf,2/2/2017,0,0,1
A_ONEOKInc_ONEOKPartners.pdf,2/1/2017,1,1,1
A_3DSystemsCorp_VertexGlobal.pdf,1/31/2017,1,1,1
A_Keysight_Ixia.pdf,1/30/2017,0,1,1
A_CiscoSystems_AppDynamics.pdf,1/25/2017,1,1,1
A_SimmonsFirstNationalCorp_FirstTexasBHC.pdf,1/24/2017,0,0,0
A_AMCEntertainmentHoldings_NordicCinemaGroup.pdf,1/23/2017,1,0,0
A_PinnacleFinancialPartners_BNCBancorp.pdf,1/23/2017,1,1,1
A_SilganHoldings_WestRock.pdf,1/23/2017,1,1,1
A_CynergisTek_Auxilio.pdf,1/17/2017,0,1,1
A_NobleEnergy_ClaytonWilliamsEnergy.pdf,1/17/2017,1,1,0
A_CallawayGolf_OGIOInternational.pdf,1/12/2017,1,1,0
A_IntegraLifeSciencesHoldingsCorporation_DermaSciences.pdf,1/11/2017,0,0,0
M_ColumbiaBankingSystem_PacificContinentalCorp.pdf,1/10/2017,1,0,0
A_AdobeSystems_TubeMogul.pdf,1/9/2017,1,1,1
A_DeluxeCorp_FirstManhattanConsulting.pdf,1/6/2017,1,1,1
A_CastlightHealth_JiffInc.pdf,1/4/2017,0,0,0
A_Delek_AlonEnergy.pdf,1/3/2017,0,0,0
A_Nautilus_OctaneFitness.pdf,1/4/2016,1,1,1
A_NuVasive_EllipseTech.pdf,1/5/2016,0,0,0
A_SPSCommerce_ToolBox.pdf,1/6/2016,0,0,0
A_Cooper_Qingdao.pdf,1/6/2016,1,1,1
A_CharlesRiver_WIL.pdf,1/7/2016,0,0,0
A_Lamar_ClearChannel.pdf,1/7/2016,0,0,0
A_CubicCorp_TeraLogics.pdf,1/8/2016,0,0,0
A_MiMedx_Stability.pdf,1/11/2016,1,1,0
A_AspenTech_KBCAdvancedTech.pdf,1/12/2016,0,0,0
A_OldNationalBancorp_AnchorBancorp.pdf,1/12/2016,0,0,0
A_AcordaTherapeutics_BiotieTherapies.pdf,1/19/2016,1,0,0
A_MicrochipTech_AtrnelCorp.pdf,1/19/2016,1,1,0
A_BrunswickCorp_CybexInternational.pdf,1/21/2016,1,0,0
M_JohnsonControls_TycoInternational.pdf,1/25/2016,0,1,1
M_Lockheed_Leidos.pdf,1/26/2016,0,0,0
A_AptarGroup_MegaAirless.pdf,1/26/2016,1,1,1
A_NexstarBroadcastingGroup_MediaGeneral.pdf,1/27/2016,0,0,0
A_SinclairBroadcast_TennisChannel.pdf,1/28/2016,0,0,0
M_PinnacleFinancial_AvenueFinancial.pdf,1/29/2016,0,0,0
A_AvalancheBioTech_AnnapurnaTherapeutics.pdf,2/1/2016,0,0,1
A_StrykerCorp_SageProducts.pdf,2/1/2016,1,0,0
A_AbbottLab_AlereInc.pdf,2/1/2016,0,0,0
M_AEONClinical_Authentidate.pdf,2/2/2016,1,1,1
A_Zagg_Mophie.pdf,2/2/2016,1,1,1
A_Lowe_RONA.pdf,2/3/2016,0,0,1
A_CISCO_Jasper.pdf,2/3/2016,0,1,1
A_MeritMedical_CryoLife.pdf,2/4/2016,0,1,1
A_Fortis_ITCHoldings.pdf,2/9/2016,0,1,1
A_Stryker_Physio-Control.pdf,2/16/2016,1,1,1
A_Sysco_BrakesGroup.pdf,2/22/2016,1,1,1
A_ResMed_Brightree.pdf,2/22/2016,0,0,0
A_MKSIntruments_NewportCorp.pdf,2/23/2016,1,1,1
A_LKQCorp_PittsburghGlassWorks.pdf,2/29/2016,1,1,1
A_HelenofTroy_HydroFlask.pdf,2/29/2016,1,1,1
A_AlbanyInternational_HarrisCorp.pdf,2/29/2016,1,1,1
A_AMCEntertainment_CarmikeCinemas.pdf,3/4/2016,1,1,1
A_SYKESEnterprises_ClearLinkHoldings.pdf,3/7/2016,1,1,1
A_AgilentTech_Lasergen.pdf,3/7/2016,0,0,1
A_Nasdaq_InternationalSecuritiesExchange.pdf,3/10/2016,1,0,1
A_Team_FurmaniteCorp.pdf,3/10/2016,1,1,1
A_SSCTech_Citi.pdf,3/14/2016,1,0,1
A_FleetCorTech_ServicosTech.pdf,3/15/2016,1,1,1
A_Coherent_ROFINSINARTech.pdf,3/16/2016,1,1,1
A_CowenGroup_CRTCapitalGroup.pdf,3/22/2016,0,0,0
A_SunCommunities_CarefreeCommunities.pdf,3/22/2016,1,1,1
A_MercurySystems_MicroSemi.pdf,3/23/2016,1,1,1
A_IronMountain_RecallHoldings.pdf,4/1/2016,0,1,1
A_AlaskaAir_VirginAmerica.pdf,4/4/2016,0,1,0
M_MicrochipTech_FlashIPSolutions.pdf,4/4/2016,0,1,1
M_WestfieldFinancial_ChicopeeBancorp.pdf,4/5/2016,0,0,1
A_MTSSystems_PCBGroup.pdf,4/6/2016,1,1,1
A_Hanesbrands_ChampionEurope.pdf,4/7/2016,0,1,1
A_EWScrippsCo_Cracked.pdf,4/12/2016,0,1,0
M_SyntaPharmaceuticals_MadrigalPharmaceuticals.pdf,4/14/2016,0,0,0
A_MitelNetworks_Polycom.pdf,4/15/2016,0,1,0
A_CareDX_AllenexAB.pdf,4/19/2016,0,1,0
A_GlacierBancorp_TreasureStateBank.pdf,4/21/2016,1,0,0
A_BoydGaming_AlianteCasino.pdf,4/21/2016,0,0,0
A_Laclede_MobileGas&WillmutGas.pdf,4/26/2016,0,1,0
A_AbbottLabs_StJudeMedical.pdf,4/28/2016,0,0,0
M_FirstCashFinancial_CashAmericaInternational.pdf,4/28/2016,0,0,0
A_Hanesbrands_PacificBrandsLimited.pdf,4/28/2016,0,0,0
A_NorthwestBancs_FirstNiagara.pdf,4/29/2016,0,1,1
A_InternationalPaper_Weyerhaeuser.pdf,5/2/2016,0,0,0
A_InvestorsBancorp_BankofPrinceton.pdf,5/4/2016,1,1,1
A_LuminexCorp_Nanosphere.pdf,5/16/2016,0,1,1
A_RangeResources_MemorialResourceDevelopment.pdf,5/16/2016,1,1,1
A_NICESystems_inContact.pdf,5/18/2016,0,0,0
A_SovranSelfStorage_LifeStorage.pdf,5/19/2016,1,1,0
A_SimmonsFirstNationalCorp_CitizensNationalBancorp.pdf,5/19/2016,1,1,1
A_AresCapitalCorp_AmericanCapital.pdf,5/23/2016,0,1,0
A_KBR_Wyle.pdf,5/23/2016,1,1,0
A_EnergizerHoldings_HandStandsHolding.pdf,5/24/2016,0,1,1
A_FedExCorp_TNTExpress.pdf,5/25/2016,1,0,0
M_Biodel_Albireo.pdf,5/25/2016,0,0,0
A_ThermoFisher_FEICompany.pdf,5/27/2016,1,1,0
A_GreatPlainsEnergy_WestarEnergy.pdf,5/31/2016,0,1,1
A_MyriadGeneticLab_SividonDiagonistics.pdf,5/31/2016,1,1,0
A_Salesforce_Demandware.pdf,6/1/2016,0,0,0
M_3DIcon_Coretec.pdf,6/1/2016,0,0,0
A_Rambus_Semtech.pdf,6/6/2016,1,0,0
A_ZimmerBiometHoldings_LDRHolding.pdf,6/7/2016,0,0,0
A_AnteroResources_MarcellusCore.pdf,6/10/2016,1,1,0
A_WestlakeChemicalCorp_AxiallCorp.pdf,6/10/2016,0,0,0
A_Microsoft_LinkedIn.pdf,6/13/2016,1,1,1
A_BroadridgeFiancial_DSTSystems.pdf,6/14/2016,0,1,1
A_OMAssetManagement_LandmarkPartners.pdf,6/14/2016,1,1,0
A_ParPacificHoldings_HermesConsolidated.pdf,6/14/2016,0,1,0
A_Cavium_QLogic.pdf,6/15/2016,0,0,0
A_DouglasDynamics_DejanaTruckUtility.pdf,6/16/2016,1,1,1
M_SouthStateCorp_SoutheasternBank.pdf,6/17/2016,1,1,1
A_MarathonOilCorp_PayRockEnergyHoldings.pdf,6/20/2016,1,1,1
A_UnitiGroup_TowerCloud.pdf,6/20/2016,1,1,1
A_OSISystems_AmericanScience.pdf,6/21/2016,0,1,1
A_TeslaMotors_SolarCity.pdf,6/22/2016,1,1,1
A_PeoplesUnitedFinancial_SuffolkBancorp.pdf,6/27/2016,1,1,1
A_BerkshireHillsBancorp_FirstChoiceBank.pdf,6/27/2016,1,1,1
A_MeetMe_Skout.pdf,6/28/2016,1,1,1
A_FirstMidwestBancorp_StandardBancshares.pdf,6/29/2016,1,1,1
A_Rambus_InphiCorp.pdf,6/30/2016,0,1,1
A_CenterraGold_ThompsonCreek.pdf,7/5/2016,1,1,1
A_MeriMedical_DFINE.pdf,7/6/2016,1,1,1
A_CathayGeneral_SinoPac.pdf,7/8/2016,1,1,1
A_ADS_Texel.pdf,7/8/2016,1,1,1
A_KinderMorgan_SouthernNaturalGas.pdf,7/11/2016,1,1,1
A_AMCEntertainment_OdeanUICCinema.pdf,7/12/2016,1,1,0
M_OceanFirstFinancial_OceanShareHolding.pdf,7/13/2016,1,1,1
M_EquityBancshares_CommunityFirstBancshares.pdf,7/14/2016,1,1,1
A_MatsonLogistics_SpanAlaskaTransportation.pdf,7/18/2016,1,1,1
A_USSilicaHoldings_NBRSand.pdf,7/19/2016,1,0,1
A_HydraIndustries_InspiredGamingGroup.pdf,7/19/2016,1,1,1
A_MasterCard_VocaLinkHoldings.pdf,7/21/2016,1,1,1
A_SilverRunAcquisition_CentennialResourceProduction.pdf,7/22/2016,1,1,1
A_G3ApparelGroup_DonnaKaranInternational.pdf,7/25/2016,0,0,1
A_ETradeFinancial_ApertureNewHoldings.pdf,7/25/2016,1,0,1
U_AMCEntertainment_CarmikeCinemas.pdf,7/25/2016,0,0,0
M_LogMeIn_Citrix.pdf,7/26/2016,1,1,1
A_AnalogDevices_LinearTech.pdf,7/26/2016,1,1,1
A_NextEraEnergy_EnergyFutureHoldings.pdf,7/29/2016,0,0,0
A_TeslaMotors_SolarCityCorp.pdf,8/1/2016,1,0,0
A_MyriadGenetic_AssurexHealth.pdf,8/3/2016,0,0,0
A_VailResortsInvestment_WhistlerBlackcombHoldings.pdf,8/8/2016,1,0,1
A_KBR_HoneywellTech.pdf,8/12/2016,0,0,0
A_Xylem_Sensus.pdf,8/15/2016,1,1,1
A_CintasCorp_GKServices.pdf,8/16/2016,1,1,1
A_Emerson_Pentair.pdf,8/18/2016,0,0,0
A_HorizonGlobal_Westfalia.pdf,8/25/2016,0,1,1
A_BerryPlastics_AEPIndustries.pdf,8/25/2016,0,1,0
A_DanaherCorp_Cepheid.pdf,9/6/2016,0,0,0
M_Enbridge_SpectraEnergy.pdf,9/6/2016,1,1,1
A_GeneralElectric_ArcamABSLMSolutions.pdf,9/6/2016,0,0,0
A_ModineManufacturing_LuvataHeatTransferSolutions.pdf,9/7/2016,0,0,0
A_LibertyMedia_FormulaOne.pdf,9/7/2016,1,1,1
A_HPInc_Samsung.pdf,9/12/2016,1,1,1
A_HorizonPharma_RaptorPharma.pdf,9/12/2016,1,1,0
A_ExtremeNetworks_ZebraTech.pdf,9/14/2016,1,1,1
A_TechData_Avnet.pdf,9/19/2016,1,1,1
A_EldoradoResorts_IsleofCapri.pdf,9/19/2016,1,1,1
A_ONSemiconductorCorp_FairchildSemiConductor.pdf,9/19/2016,1,1,1
A_ElevenBiotherapeutics_ViventiaBio.pdf,9/21/2016,0,0,0
A_TractorSupply_PetsenseLLC.pdf,9/29/2016,0,1,0
A_Winnebago_GrandDesignRecreationalVehicles.pdf,10/3/2016,0,0,1
A_FirstCommonwealthFinancial_DCBFinancial.pdf,10/3/2016,1,1,1
A_GreenPlains_FleischmannVinegar.pdf,10/3/2016,1,1,1
A_HoustonWireCable_VertexCorporateHoldings.pdf,10/5/2016,0,0,0
A_AlliquaBioMedical_SolubleSystemsLLC.pdf,10/6/2016,0,0,0
A_ICUMedical_Pfizer.pdf,10/6/2016,1,1,0
A_StanleyBlackDecker_NewellBrands.pdf,10/12/2016,0,0,0
A_CIRCORInternational_CriticalFlowSolutions.pdf,10/13/2016,1,1,1
A_RSPPermian_SilverHillEnergyPartners.pdf,10/14/2016,0,0,0
A_EatonVanceCorp_CalvertInvestmentManagement.pdf,10/21/2016,0,0,1
A_ChinaOceanwideHoldings_GenworthFinancial.pdf,10/24/2016,0,0,0
A_QualcommIncorporated_NXPSemiconductors.pdf,10/27/2016,0,0,0
M_GeneralElectric_BakerHughes.pdf,10/31/2016,0,1,1
A_SunCokeEnergyInc_SunCokeEnergyPartners.pdf,10/31/2016,1,1,1
M_SignalGenetics_MiragenTherapeutics.pdf,11/1/2016,0,0,1
A_CelldexTherapeutics_KolltanPharma.pdf,11/1/2016,0,1,1
A_BroadcomLimited_BrocadeCommunications.pdf,11/2/2016,1,0,1
A_InsightEnterprises_DatalinkCorporation.pdf,11/7/2016,1,1,1
A_Coherent_ROFIN-SINARTech.pdf,11/9/2016,1,1,1
A_Belden_DigiInternational.pdf,11/11/2016,1,1,1
M_RegencyCenters_EquityOne.pdf,11/15/2016,0,0,1
A_GlacierBancorp_TFBBancorp.pdf,11/16/2016,1,1,1
A_CohuInc_KitaManufaccturing.pdf,11/16/2016,1,1,1
A_LendingTree_IronHorseHoldings.pdf,11/17/2016,1,1,1
A_TesoroCorp_WesternRefining.pdf,11/17/2016,1,0,1
A_TurningPointBrands_SmokeFreeTech.pdf,11/18/2016,1,1,0
A_SimmonsFirstNational_HardemanCountyInvestment.pdf,11/18/2016,0,1,1
A_MACOMTechSolutions_AppliedMicroCircuits.pdf,11/21/2016,1,1,1
A_SunocoLogisticsPartners_EnergyTransferPartners.pdf,11/21/2016,0,0,0
A_DrPepperSnapple_BaiBrands.pdf,11/22/2016,1,0,1
A_IndependentBankGroup_CarlileBancshares.pdf,11/22/2016,1,0,1
A_AllstateCorporation_SquareTrade.pdf,11/29/2016,1,1,1
A_LydallInc_MGFGutsche.pdf,11/30/2016,1,1,1
A_Parker-HannifinCorp_CLARCOR.pdf,12/1/2016,0,0,0
A_WestinghouseAirBrakeTech_FaiveleyTransport.pdf,12/1/2016,1,0,0
A_TeleflexIncorporated_VascularSolutions.pdf,12/2/2016,1,1,1
A_InformationServicesGroup_AlsbridgeHoldings.pdf,12/2/2016,1,1,0
A_ZiffDavis_EverydayHealth.pdf,12/5/2016,1,1,1
A_GoDaddy_HostEuropeGroup.pdf,12/6/2016,1,0,0
A_Equinix_VerizonCommunications.pdf,12/6/2016,1,1,1
A_RoperTech_Deltek.pdf,12/6/2016,1,1,1
A_Konecranes_STAHLCraneSystems.pdf,12/7/2016,1,0,1
A_ModelN_Revitas.pdf,12/12/2016,0,0,0
A_PacificPremierBancorp_HeritageOaksBancorp.pdf,12/13/2016,0,1,1
M_SeventySevenEnergy_PattersonUTIEnergy.pdf,12/13/2016,1,1,1
A_SpartanMotors_SmealFireApparatus.pdf,12/14/2016,1,1,0
A_CallonPetroleum_Ameredev.pdf,12/14/2016,0,0,0
A_MatrixService_HoustonInterests.pdf,12/14/2016,1,1,1
A_TheMosiacCompany_ValeFertilizantes.pdf,12/19/2016,1,1,1
A_AMCEntertainmentHoldings_CarmikeCinemas.pdf,12/20/2016,1,1,1
A_PrestigeBrandsHoldings_CBFleetCompany.pdf,12/23/2016,1,1,1
M_EnterpriseFinancialServicesCorp_TrinityCapitalCorp.pdf,11/2/2018,1,1,1
A_MarcusCorpTheatres_MovieTavernCircuit.pdf,11/2/2018,1,1,1
A_DatawatchCorporation_AltairEngineeringInc.pdf,11/5/2018,1,1,0
A_HubGroupInc_CaseStackInc.pdf,11/5/2018,1,0,0
A_InvestmentTechnologyGroupInc_VirtuFinancialInc.pdf,11/7/2018,0,1,1
A_LeggettPlattInc_EliteComfortSolutions.pdf,11/7/2018,0,1,1
A_InuvoInc_ConversionPoint.pdf,11/7/2018,0,0,0
A_ARRISInternationalPlc_CommScope.pdf,11/8/2018,1,0,1
A_WesternGasPartnersLP_Anadarko.pdf,11/8/2018,0,0,0
A_IIVIInc_Finisar.pdf,11/9/2018,0,0,0
A_AvenueTherapeuticsInc_InvaGenPharmaceuticalsInc.pdf,11/13/2018,1,1,1
A_HollyFrontierCorp_Sonneborn.pdf,11/13/2018,1,0,0
A_SVBFinancialGroup_LeerinkHoldingsLLC.pdf,11/13/2018,0,0,0
A_ProPetroHoldingCorp_PioneerNaturalResourcesCo.pdf,11/14/2018,1,1,0
M_SimmonsFirstNationalCorp_RelianceBancsharesInc.pdf,11/14/2018,1,1,1
A_SabreCorp_Farelogix.pdf,11/14/2018,0,1,1
A_AtlanticCapitalBank_FBFinancialCorporation.pdf,11/15/2018,1,1,0
A_BarnesGroupInc_GimaticSRL.pdf,11/15/2018,0,0,0
A_ADACarbonSolutionsLLC_AdvancedEmissionsSolutionsInc.pdf,11/16/2018,1,1,1
A_DJOGlobalInc_ColfaxCorp.pdf,11/19/2018,1,1,0
A_CimarexEnergyCo_DelawarePurePlayResolute.pdf,11/19/2018,0,0,0
A_BostonScientificCorp_BTGPLC.pdf,11/20/2018,1,1,1
A_CowenInc_QuartonInternational.pdf,11/20/2018,1,1,0
M_ArsanisInc_X4PharmaceuticalsInc.pdf,11/27/2018,0,0,0
A_ForresterResearchInc_SiriusDecisionsInc.pdf,11/27/2018,1,0,0
A_MTSSystemsCorp_E2MTechnologiesBV.pdf,11/27/2018,1,1,0
A_FirstBeevilleFinancialCorporation_SpiritOfTexasBancsharesInc.pdf,11/28/2018,1,1,0
A_CallawayGolfCo_JackWolfskin.pdf,11/30/2018,0,0,0
A_TribuneMediaCompany_NexstarMediaGroupInc.pdf,12/3/2018,0,0,0
A_LandecCorp_YucatanFoodsLP.pdf,12/3/2018,0,0,0
M_MorindaHoldingsInc_NewAgeBeveragesCorporation.pdf,12/4/2018,1,1,1
A_GPStrategiesCorporation_TechnicalTrainingInc.pdf,12/6/2018,1,0,1
A_TivityHealthInc_NutrisystemInc.pdf,12/10/2018,1,0,0
A_IngevityCorp_PerstorpHoldingAB.pdf,12/10/2018,0,0,0
A_KadantInc_SyntronMaterialHandlingLLC.pdf,12/10/2018,1,1,1
A_HoraceMannEducatorsCorp_NationalTeachersAssociatesLifeInsuranceCompany.pdf,12/10/2018,0,0,0
A_BerkshireHillsBancorpInc_SIFinancialGroupInc.pdf,12/12/2018,0,0,0
A_WaitrHoldingsInc_BiteSquad.pdf,12/12/2018,0,0,0
A_AMAGPharmaceuticalsInc_PerospherePharmaceuticalsInc.pdf,12/13/2018,0,0,0
A_ConmedCorp_BuffaloFilterLLC.pdf,12/13/2018,0,0,0
A_MistrasGroupInc_OnstreamPipelineInspection.pdf,12/14/2018,1,0,1
A_AlbemarleCorp_MineralResourcesLtd.pdf,12/17/2018,0,0,0
M_AmerisBancorp_FidelitySouthernCorp.pdf,12/17/2018,1,0,1
A_AflacInc_JapanPostHoldingsCoLtd.pdf,12/19/2018,0,1,1
A_SPSCommerceInc_CovalentWorks.pdf,12/19/2018,0,1,1
A_GreifInc_CaraustarIndustriesInc.pdf,12/20/2018,0,1,1
A_ZyngaInc_SmallGiantGames.pdf,12/20/2018,1,1,1
A_ArrisInternationalPLC_RuckusWireless&ICXSwitch.pdf,12/14/2017,0,0,0
A_CraneCo_Crane&Co.pdf,12/6/2017,0,0,1
A_GoldenEntertainment_AmericanCasino&EntertainmentProperties.pdf,6/12/2017,1,1,1
A_Deere&Company_WirtgenGroup.pdf,6/1/2017,1,1,0
